power,Ws,relay,temperature,time
0,0.2,False,23.7,2022-12-23 08:49:44.223100
12.1,18,True,23.7,2022-12-23 08:49:45.385688
12.1,0,True,23.7,2022-12-23 08:49:46.226440
12.1,0,True,23.7,2022-12-23 08:49:46.861733
12.1,0,True,23.7,2022-12-23 08:49:47.453141
0,0,True,23.7,2022-12-23 08:49:48.013369
0,0,True,23.7,2022-12-23 08:49:48.601933
0,0,True,23.8,2022-12-23 08:49:49.200826
0,0,True,23.8,2022-12-23 08:49:49.836476
0,0,True,23.8,2022-12-23 08:49:50.397476
0,0,True,23.8,2022-12-23 08:49:50.983983
0,0,True,23.8,2022-12-23 08:49:51.541938
0,0,True,23.8,2022-12-23 08:49:52.141558
0,0,True,23.8,2022-12-23 08:49:52.908825
0,0,True,23.8,2022-12-23 08:49:53.495989
0,0,True,23.8,2022-12-23 08:49:54.102433
0,0,True,23.8,2022-12-23 08:49:54.690965
0,0,True,23.8,2022-12-23 08:49:55.290311
0,0,True,23.8,2022-12-23 08:49:55.876345
0,0,True,23.8,2022-12-23 08:49:56.436593
0,0,True,23.8,2022-12-23 08:49:57.016817
0,0,True,23.8,2022-12-23 08:49:57.601368
0,0,True,23.8,2022-12-23 08:49:58.161772
0,0,True,23.8,2022-12-23 08:49:58.723721
0,0,True,23.8,2022-12-23 08:49:59.287613
0,0,True,23.8,2022-12-23 08:49:59.851062
0,0,True,23.8,2022-12-23 08:50:00.447496
0,0,True,23.8,2022-12-23 08:50:01.212206
0,0,True,23.8,2022-12-23 08:50:01.771160
0,0,True,23.8,2022-12-23 08:50:02.330038
0,0,True,23.8,2022-12-23 08:50:02.900732
0,0,True,23.8,2022-12-23 08:50:03.464618
988.4,848.9,True,23.8,2022-12-23 08:50:04.025710
1237.2,1237,True,23.8,2022-12-23 08:50:04.581922
1234.1,1235.7,True,23.8,2022-12-23 08:50:05.161529
1234.8,1237,True,23.8,2022-12-23 08:50:05.717727
1236.4,1235.4,True,23.8,2022-12-23 08:50:06.318146
1237.2,1234.9,True,23.8,2022-12-23 08:50:06.896803
1235.6,1236.1,True,23.8,2022-12-23 08:50:07.457743
1233.3,1236.8,True,23.8,2022-12-23 08:50:08.025343
1233.3,1236.5,True,23.8,2022-12-23 08:50:08.595302
1234.1,1235.6,True,23.9,2022-12-23 08:50:09.177147
1235.6,1235,True,23.9,2022-12-23 08:50:09.743282
1236.4,1233,True,23.9,2022-12-23 08:50:10.306166
1234.8,1235.4,True,23.9,2022-12-23 08:50:10.882230
1234.1,1235.9,True,23.9,2022-12-23 08:50:11.477999
1233.3,1237.3,True,23.9,2022-12-23 08:50:12.087052
1232.5,1232.1,True,23.9,2022-12-23 08:50:12.657842
1233.3,1235.3,True,23.9,2022-12-23 08:50:13.232706
1234.1,1233,True,23.9,2022-12-23 08:50:13.796595
1233.3,1236.1,True,23.9,2022-12-23 08:50:14.358306
1234.1,1232.4,True,23.9,2022-12-23 08:50:14.931557
1234.8,1232.5,True,23.9,2022-12-23 08:50:15.539068
1233.3,1231.9,True,23.9,2022-12-23 08:50:16.247369
1232.5,1234.1,True,23.9,2022-12-23 08:50:16.811977
1234.8,1231.7,True,23.9,2022-12-23 08:50:17.372731
1234.1,1233.8,True,23.9,2022-12-23 08:50:17.945698
1232.5,1231.6,True,23.9,2022-12-23 08:50:18.530869
1232.5,1231.9,True,24,2022-12-23 08:50:19.096666
1231.7,1228.9,True,24,2022-12-23 08:50:19.680295
1231,1231.9,True,24,2022-12-23 08:50:20.260552
1230.2,1231.2,True,24,2022-12-23 08:50:20.828501
1231,1228.2,True,24,2022-12-23 08:50:21.393664
1230.2,1232,True,24,2022-12-23 08:50:21.964180
1228.6,1230.5,True,24,2022-12-23 08:50:22.524600
1051.4,1209.9,True,24,2022-12-23 08:50:23.098395
1231,1231.1,True,24,2022-12-23 08:50:23.673185
1231,1229.7,True,24,2022-12-23 08:50:24.272918
1228.6,1226.4,True,24,2022-12-23 08:50:24.859668
1227.1,1229.8,True,24,2022-12-23 08:50:25.458699
1227.1,1230.1,True,24,2022-12-23 08:50:26.049948
1227.9,1226.8,True,24,2022-12-23 08:50:26.619082
1228.6,1229.6,True,24,2022-12-23 08:50:27.222938
86.1,737,True,24,2022-12-23 08:50:27.819488
86.1,0,True,24,2022-12-23 08:50:28.419964
86.1,0,True,24,2022-12-23 08:50:29.019822
86.1,0,True,24,2022-12-23 08:50:29.605449
86.1,0,True,24,2022-12-23 08:50:30.191696
0,0,True,24,2022-12-23 08:50:30.809118
0,0,True,24,2022-12-23 08:50:31.552484
0,0,True,24,2022-12-23 08:50:32.115675
0,0,True,24,2022-12-23 08:50:32.681821
0,0,True,24,2022-12-23 08:50:33.264003
0,0,True,24,2022-12-23 08:50:33.846712
0,0,True,24,2022-12-23 08:50:34.417401
0,0,True,24,2022-12-23 08:50:34.978955
0,0,True,24,2022-12-23 08:50:35.540022
0,0,True,24,2022-12-23 08:50:36.099968
0,0,True,24,2022-12-23 08:50:36.654984
0,0,True,24,2022-12-23 08:50:37.218397
0,0,True,24,2022-12-23 08:50:37.775200
0,0,True,24,2022-12-23 08:50:38.345287
0,0,True,24,2022-12-23 08:50:38.902451
0,0,True,24.1,2022-12-23 08:50:39.467203
0,0,True,24.1,2022-12-23 08:50:40.027432
0,0,True,24.1,2022-12-23 08:50:40.592763
0,0,True,24.1,2022-12-23 08:50:41.177951
0,0,True,24.1,2022-12-23 08:50:41.741159
0,0,True,24.1,2022-12-23 08:50:42.315226
0,0,True,24.1,2022-12-23 08:50:42.883894
0,0,True,24.1,2022-12-23 08:50:43.465056
0,0,True,24.1,2022-12-23 08:50:44.023368
0,0,True,24.1,2022-12-23 08:50:44.589811
0,0,True,24.1,2022-12-23 08:50:45.180201
0,0,True,24.1,2022-12-23 08:50:45.782123
0,0,True,24.1,2022-12-23 08:50:46.403666
0,0,True,24.1,2022-12-23 08:50:46.977605
0,0,True,24.1,2022-12-23 08:50:47.539550
0,0,True,24.1,2022-12-23 08:50:48.133989
0,0,True,24.1,2022-12-23 08:50:48.719548
0,0,True,24.2,2022-12-23 08:50:49.280545
0,0,True,24.2,2022-12-23 08:50:49.842008
0,0,True,24.2,2022-12-23 08:50:50.403931
0,0,True,24.2,2022-12-23 08:50:50.965063
0,0,True,24.2,2022-12-23 08:50:51.532229
0,0,True,24.2,2022-12-23 08:50:52.092106
0,0,True,24.2,2022-12-23 08:50:52.680636
0,0,True,24.2,2022-12-23 08:50:53.242824
0,0,True,24.2,2022-12-23 08:50:53.811118
0,0,True,24.2,2022-12-23 08:50:54.371206
0,0,True,24.2,2022-12-23 08:50:54.959011
0,0,True,24.2,2022-12-23 08:50:55.542704
0,0,True,24.2,2022-12-23 08:50:56.116473
0,0,True,24.2,2022-12-23 08:50:56.705063
0,0,True,24.2,2022-12-23 08:50:57.295705
0,0,True,24.2,2022-12-23 08:50:57.858918
0,0,True,24.2,2022-12-23 08:50:58.431227
0,0,True,24.2,2022-12-23 08:50:58.989818
0,0,True,24.3,2022-12-23 08:50:59.552746
0,0,True,24.3,2022-12-23 08:51:00.149813
0,0,True,24.3,2022-12-23 08:51:00.719173
0,0,True,24.3,2022-12-23 08:51:01.291738
0,0,True,24.3,2022-12-23 08:51:01.882157
0,0,True,24.3,2022-12-23 08:51:02.459820
0,0,True,24.3,2022-12-23 08:51:03.020472
0,0,True,24.3,2022-12-23 08:51:03.583272
0,0,True,24.3,2022-12-23 08:51:04.149811
0,0,True,24.3,2022-12-23 08:51:04.718012
0,0,True,24.3,2022-12-23 08:51:05.279870
0,0,True,24.3,2022-12-23 08:51:05.837131
0,0,True,24.3,2022-12-23 08:51:06.401398
0,0,True,24.3,2022-12-23 08:51:06.998264
0,0,True,24.3,2022-12-23 08:51:07.585946
0,0,True,24.3,2022-12-23 08:51:08.168247
0,0,True,24.3,2022-12-23 08:51:08.731371
0,0,True,24.3,2022-12-23 08:51:09.380969
0,0,True,24.3,2022-12-23 08:51:10.005439
0,0,True,24.3,2022-12-23 08:51:10.592180
0,0,True,24.3,2022-12-23 08:51:11.172342
0,0,True,24.3,2022-12-23 08:51:11.735609
0,0,True,24.3,2022-12-23 08:51:12.319187
0,0,True,24.3,2022-12-23 08:51:12.889139
0,0,True,24.3,2022-12-23 08:51:13.453110
0,0,True,24.3,2022-12-23 08:51:14.012253
0,0,True,24.3,2022-12-23 08:51:14.576225
0,0,True,24.3,2022-12-23 08:51:15.132131
0,0,True,24.3,2022-12-23 08:51:15.709530
0,0,True,24.3,2022-12-23 08:51:16.305364
0,0,True,24.3,2022-12-23 08:51:16.899857
0,0,True,24.3,2022-12-23 08:51:17.492834
0,0,True,24.3,2022-12-23 08:51:18.085684
0,0,True,24.3,2022-12-23 08:51:18.639675
0,0,True,24.3,2022-12-23 08:51:19.224158
0,0,True,24.3,2022-12-23 08:51:19.795048
0,0,True,24.3,2022-12-23 08:51:20.352399
0,0,True,24.3,2022-12-23 08:51:20.913376
0,0,True,24.3,2022-12-23 08:51:21.470225
0,0,True,24.3,2022-12-23 08:51:22.027065
0,0,True,24.3,2022-12-23 08:51:22.591991
0,0,True,24.3,2022-12-23 08:51:23.165381
0,0,True,24.3,2022-12-23 08:51:23.729452
0,0,True,24.3,2022-12-23 08:51:24.300165
0,0,True,24.3,2022-12-23 08:51:24.895887
0,0,True,24.3,2022-12-23 08:51:25.497460
0,0,True,24.3,2022-12-23 08:51:26.078177
0,0,True,24.3,2022-12-23 08:51:26.640580
0,0,True,24.3,2022-12-23 08:51:27.225361
0,0,True,24.3,2022-12-23 08:51:27.809885
0,0,True,24.3,2022-12-23 08:51:28.377142
0,0,True,24.3,2022-12-23 08:51:28.942555
0,0,True,24.5,2022-12-23 08:51:29.527387
0,0,True,24.5,2022-12-23 08:51:30.092299
0,0,True,24.5,2022-12-23 08:51:30.670739
0,0,True,24.5,2022-12-23 08:51:31.241506
0,0,True,24.5,2022-12-23 08:51:31.802372
0,3.5,True,24.5,2022-12-23 08:51:32.360156
0,3.4,True,24.5,2022-12-23 08:51:32.929170
0,3.4,True,24.5,2022-12-23 08:51:33.495725
5.7,7,True,24.5,2022-12-23 08:51:34.054593
1290.1,768.9,True,24.5,2022-12-23 08:51:34.646074
1288.4,1291.2,True,24.5,2022-12-23 08:51:35.255631
1288.4,1288.4,True,24.5,2022-12-23 08:51:35.840931
1285.9,1283.4,True,24.5,2022-12-23 08:51:36.444625
59.7,448.3,True,24.5,2022-12-23 08:51:37.053523
59.9,62.2,True,24.5,2022-12-23 08:51:37.618435
59.9,59.1,True,24.5,2022-12-23 08:51:38.178845
59.8,60.6,True,24.5,2022-12-23 08:51:38.794785
59.5,57,True,24.5,2022-12-23 08:51:39.378532
59.2,59.9,True,24.5,2022-12-23 08:51:39.938880
58.9,61,True,24.5,2022-12-23 08:51:40.515389
1290.9,1166.7,True,24.5,2022-12-23 08:51:41.111042
1287.5,1288.4,True,24.5,2022-12-23 08:51:41.699697
1289.2,1287.9,True,24.5,2022-12-23 08:51:42.272321
1287.5,1286,True,24.5,2022-12-23 08:51:42.861295
1285,1285.5,True,24.5,2022-12-23 08:51:43.430607
1285.9,1286.9,True,24.5,2022-12-23 08:51:44.014998
1285,1285.3,True,24.5,2022-12-23 08:51:44.601290
1282.5,1284.1,True,24.5,2022-12-23 08:51:45.167746
1283.3,1283.1,True,24.5,2022-12-23 08:51:45.762627
1285,1285.9,True,24.5,2022-12-23 08:51:46.366418
1285.9,1283.1,True,24.5,2022-12-23 08:51:46.984191
1285.9,1285,True,24.5,2022-12-23 08:51:47.582336
1285,1282.3,True,24.5,2022-12-23 08:51:48.185574
1283.3,1285.3,True,24.5,2022-12-23 08:51:48.779335
1281.6,1281.7,True,24.5,2022-12-23 08:51:49.360137
1282.5,1285.1,True,24.5,2022-12-23 08:51:49.964117
1282.5,1281.9,True,24.5,2022-12-23 08:51:50.580679
1283.3,1283.4,True,24.5,2022-12-23 08:51:51.183874
1286.7,1285.6,True,24.5,2022-12-23 08:51:51.782616
1285,1272.9,True,24.5,2022-12-23 08:51:52.380886
58.5,100.6,True,24.5,2022-12-23 08:51:52.944871
58.4,57.6,True,24.5,2022-12-23 08:51:53.517422
58.2,59.8,True,24.5,2022-12-23 08:51:54.076130
951,546.8,True,24.5,2022-12-23 08:51:54.639353
1290.1,1288.6,True,24.5,2022-12-23 08:51:55.198138
1288.4,1290.2,True,24.5,2022-12-23 08:51:55.771747
1289.2,1288.5,True,24.5,2022-12-23 08:51:56.359492
1286.7,1287.9,True,24.5,2022-12-23 08:51:56.945814
1285.9,1287.1,True,24.5,2022-12-23 08:51:57.518911
1286.7,1288.6,True,24.5,2022-12-23 08:51:58.079934
1285.9,1288.6,True,24.5,2022-12-23 08:51:58.645203
1288.4,1285.6,True,24.6,2022-12-23 08:51:59.215869
1285,1286.4,True,24.6,2022-12-23 08:51:59.777854
1285.9,1285.3,True,24.6,2022-12-23 08:52:00.359360
142.6,886.2,True,24.6,2022-12-23 08:52:01.020434
531.8,264.1,True,24.6,2022-12-23 08:52:01.819937
1288.4,1287.3,True,24.6,2022-12-23 08:52:02.412656
1285,1285.8,True,24.6,2022-12-23 08:52:02.991858
1287.5,1287.5,True,24.6,2022-12-23 08:52:03.553473
1285,1286.2,True,24.6,2022-12-23 08:52:04.114063
1285,1286.3,True,24.6,2022-12-23 08:52:04.674095
1286.7,1286.3,True,24.6,2022-12-23 08:52:05.241037
1284.2,1287.5,True,24.6,2022-12-23 08:52:05.798775
1285.9,1284.7,True,24.6,2022-12-23 08:52:06.380562
1286.7,1285.2,True,24.6,2022-12-23 08:52:06.972634
1284.2,1285.2,True,24.6,2022-12-23 08:52:07.559287
1284.2,1286.1,True,24.6,2022-12-23 08:52:08.124246
58,552,True,24.6,2022-12-23 08:52:10.695071
57.8,57.9,True,24.6,2022-12-23 08:52:11.270643
214.8,197.8,True,24.6,2022-12-23 08:52:11.838376
49.2,7,True,24.6,2022-12-23 08:52:12.408638
49.2,0,True,24.6,2022-12-23 08:52:12.980597
49.2,0,True,24.6,2022-12-23 08:52:13.541109
49.2,0,True,24.6,2022-12-23 08:52:14.111004
49.2,0,True,24.6,2022-12-23 08:52:14.682959
0,0,True,24.6,2022-12-23 08:52:15.245305
0,0,True,24.6,2022-12-23 08:52:15.835227
0,0,True,24.6,2022-12-23 08:52:16.404477
0,0,True,24.6,2022-12-23 08:52:16.980253
0,0,True,24.6,2022-12-23 08:52:17.560184
1231.7,1018.4,True,24.6,2022-12-23 08:52:18.120941
1231,1235.6,True,24.6,2022-12-23 08:52:18.704532
1229.4,1228.7,True,24.7,2022-12-23 08:52:19.265969
1227.9,1232.1,True,24.7,2022-12-23 08:52:19.830261
132.2,358.7,True,24.7,2022-12-23 08:52:20.392801
132.2,0,True,24.7,2022-12-23 08:52:20.957435
132.2,0,True,24.7,2022-12-23 08:52:21.561970
132.2,0,True,24.7,2022-12-23 08:52:22.140755
132.2,0,True,24.7,2022-12-23 08:52:22.705368
0,0,True,24.7,2022-12-23 08:52:23.288934
0,0,True,24.7,2022-12-23 08:52:23.850610
0,0,True,24.7,2022-12-23 08:52:24.406486
0,0,True,24.7,2022-12-23 08:52:24.965561
0,0,True,24.7,2022-12-23 08:52:25.546490
1222.5,511.4,True,24.7,2022-12-23 08:52:26.105102
1192,1209,True,24.7,2022-12-23 08:52:26.696847
1229.4,1227.3,True,24.7,2022-12-23 08:52:27.278296
69.1,803.3,True,24.7,2022-12-23 08:52:27.836813
69.1,0,True,24.7,2022-12-23 08:52:28.415760
69.1,0,True,24.7,2022-12-23 08:52:28.976505
69.1,0,True,24.6,2022-12-23 08:52:29.546981
69.1,0,True,24.6,2022-12-23 08:52:30.116172
0,0,True,24.6,2022-12-23 08:52:30.679121
0,0,True,24.6,2022-12-23 08:52:31.284269
0,3.1,True,24.6,2022-12-23 08:52:31.893245
0,3.4,True,24.6,2022-12-23 08:52:32.453571
0,3.4,True,24.6,2022-12-23 08:52:33.019759
648.2,559.2,True,24.6,2022-12-23 08:52:33.579716
1285,1285.3,True,24.6,2022-12-23 08:52:34.145944
1285,1286.3,True,24.6,2022-12-23 08:52:34.708061
1282.5,1282.9,True,24.6,2022-12-23 08:52:35.272944
1280.8,1287.4,True,24.6,2022-12-23 08:52:35.832413
1283.3,1281.9,True,24.6,2022-12-23 08:52:36.404810
58.6,469.1,True,24.6,2022-12-23 08:52:36.985727
56.9,55.6,True,24.6,2022-12-23 08:52:37.581114
63.8,325.1,True,24.6,2022-12-23 08:52:38.178304
57,59.3,True,24.6,2022-12-23 08:52:38.744963
56.8,54.8,True,24.7,2022-12-23 08:52:39.311850
57,56.1,True,24.7,2022-12-23 08:52:39.877919
57,59.4,True,24.7,2022-12-23 08:52:40.467902
1280.8,585.8,True,24.7,2022-12-23 08:52:41.025755
1285,1283.1,True,24.7,2022-12-23 08:52:41.596241
1283.3,1285,True,24.7,2022-12-23 08:52:42.181143
1282.5,1280.4,True,24.7,2022-12-23 08:52:42.743092
1280.8,1259.6,True,24.7,2022-12-23 08:52:43.302758
1283.3,1279.2,True,24.7,2022-12-23 08:52:43.861393
1284.2,1283.9,True,24.7,2022-12-23 08:52:44.421331
1282.5,1283.1,True,24.7,2022-12-23 08:52:44.988950
1280,1264.2,True,24.7,2022-12-23 08:52:45.565373
56,44.9,True,24.7,2022-12-23 08:52:46.133754
56,0,True,24.7,2022-12-23 08:52:46.704047
56,0,True,24.7,2022-12-23 08:52:47.282757
56,0,True,24.7,2022-12-23 08:52:47.870348
56,0,True,24.7,2022-12-23 08:52:48.426680
0,0,True,24.7,2022-12-23 08:52:49.003538
0,0,True,24.8,2022-12-23 08:52:49.561955
0,0,True,24.8,2022-12-23 08:52:50.151513
0,0,True,24.8,2022-12-23 08:52:50.743096
0,3.5,True,24.8,2022-12-23 08:52:51.301457
0,0,True,24.8,2022-12-23 08:52:51.870076
429.1,666.5,True,24.8,2022-12-23 08:52:52.430087
374.9,1051.1,True,24.8,2022-12-23 08:52:52.999837
116,3.5,True,24.8,2022-12-23 08:52:53.558687
116,0,True,24.8,2022-12-23 08:52:54.129288
116,0,True,24.8,2022-12-23 08:52:54.691372
116,0,True,24.8,2022-12-23 08:52:55.279857
116,0,True,24.8,2022-12-23 08:52:55.840368
0,0,True,24.8,2022-12-23 08:52:56.397453
0,0,True,24.8,2022-12-23 08:52:56.982384
0,0,True,24.8,2022-12-23 08:52:57.564630
0,0,True,24.8,2022-12-23 08:52:58.157456
0,9,True,24.8,2022-12-23 08:52:58.896651
310.5,1078.3,True,24.8,2022-12-23 08:52:59.669401
68.4,3.4,True,24.8,2022-12-23 08:53:00.240650
68.4,0,True,24.8,2022-12-23 08:53:00.937554
68.4,0,True,24.8,2022-12-23 08:53:01.669928
68.4,0,True,24.8,2022-12-23 08:53:02.238201
0,0,True,24.8,2022-12-23 08:53:02.797953
0,0,True,24.8,2022-12-23 08:53:03.353889
0,0,True,24.8,2022-12-23 08:53:03.916534
0,0,True,24.8,2022-12-23 08:53:04.476314
0,0,True,24.8,2022-12-23 08:53:05.039961
0,0,True,24.8,2022-12-23 08:53:05.597450
0,0,True,24.8,2022-12-23 08:53:06.156036
0,0,True,24.8,2022-12-23 08:53:06.742117
0,0,True,24.8,2022-12-23 08:53:07.339458
0,0,True,24.8,2022-12-23 08:53:07.913306
0,0,True,24.8,2022-12-23 08:53:08.476818
43.4,184.5,True,24.8,2022-12-23 08:53:09.069475
43.4,0,True,24.8,2022-12-23 08:53:09.632234
43.4,0,True,24.8,2022-12-23 08:53:10.192149
43.4,0,True,24.8,2022-12-23 08:53:10.768215
43.4,0,True,24.8,2022-12-23 08:53:11.337805
0,0,True,24.8,2022-12-23 08:53:11.910164
0,0,True,24.8,2022-12-23 08:53:12.483998
0,0,True,24.8,2022-12-23 08:53:13.109789
0,0,True,24.8,2022-12-23 08:53:13.698184
0,0,True,24.8,2022-12-23 08:53:14.264845
0,0,True,24.8,2022-12-23 08:53:14.836767
0,0,True,24.8,2022-12-23 08:53:15.409964
0,0,True,24.8,2022-12-23 08:53:15.977259
0,0,True,24.8,2022-12-23 08:53:16.558198
0,0,True,24.8,2022-12-23 08:53:17.124522
0,0,True,24.8,2022-12-23 08:53:17.690213
0,0,True,24.8,2022-12-23 08:53:18.261914
0,0,True,24.8,2022-12-23 08:53:18.846409
0,0,True,24.8,2022-12-23 08:53:19.420665
0,0,True,24.8,2022-12-23 08:53:19.983572
0,0,True,24.8,2022-12-23 08:53:20.565653
0,0,True,24.8,2022-12-23 08:53:21.126342
0,10.4,True,24.8,2022-12-23 08:53:21.692139
0,114.5,True,24.8,2022-12-23 08:53:22.263836
0,0,True,24.8,2022-12-23 08:53:22.829611
0,0,True,24.8,2022-12-23 08:53:23.394995
0,0,True,24.8,2022-12-23 08:53:23.961468
0,0,True,24.8,2022-12-23 08:53:24.541796
0,0,True,24.8,2022-12-23 08:53:25.115861
0,0,True,24.8,2022-12-23 08:53:25.686655
0,0,True,24.8,2022-12-23 08:53:26.249303
0,0,True,24.8,2022-12-23 08:53:26.816177
0,0,True,24.8,2022-12-23 08:53:27.377930
0,3.5,True,24.8,2022-12-23 08:53:27.933331
0,17.5,True,24.8,2022-12-23 08:53:28.498509
0,0,True,24.8,2022-12-23 08:53:29.081651
0,0,True,24.8,2022-12-23 08:53:29.671731
0,0,True,24.8,2022-12-23 08:53:30.226559
0,0,True,24.8,2022-12-23 08:53:30.815861
0,0,True,24.8,2022-12-23 08:53:31.469080
0,0,True,24.8,2022-12-23 08:53:32.256803
0,0,True,24.8,2022-12-23 08:53:32.843278
0,0,True,24.8,2022-12-23 08:53:33.430001
1167.9,344.8,True,24.8,2022-12-23 08:53:34.009857
1228.6,1227.3,True,24.8,2022-12-23 08:53:34.582369
283.7,97.8,True,24.8,2022-12-23 08:53:35.151479
283.7,0,True,24.8,2022-12-23 08:53:35.717780
283.7,0,True,24.8,2022-12-23 08:53:36.289140
283.7,0,True,24.8,2022-12-23 08:53:36.857235
283.7,0,True,24.8,2022-12-23 08:53:37.422293
0,0,True,24.8,2022-12-23 08:53:37.984084
0,0,True,24.8,2022-12-23 08:53:38.554907
0,0,True,24.8,2022-12-23 08:53:39.117947
0,0,True,24.8,2022-12-23 08:53:39.690019
0,0,True,24.8,2022-12-23 08:53:40.271460
0,0,True,24.8,2022-12-23 08:53:40.849652
0,0,True,24.8,2022-12-23 08:53:41.459566
0,0,True,24.8,2022-12-23 08:53:42.023949
0,0,True,24.8,2022-12-23 08:53:42.591090
0,0,True,24.8,2022-12-23 08:53:43.162967
0,0,True,24.8,2022-12-23 08:53:43.734904
0,0,True,24.8,2022-12-23 08:53:44.297716
0,0,True,24.8,2022-12-23 08:53:44.877436
0,0,True,24.8,2022-12-23 08:53:45.478143
0,0,True,24.8,2022-12-23 08:53:46.046784
0,0,True,24.8,2022-12-23 08:53:46.618182
0,0,True,24.8,2022-12-23 08:53:47.262901
0,0,True,24.8,2022-12-23 08:53:47.860873
0,0,True,24.8,2022-12-23 08:53:48.440250
0,0,True,24.8,2022-12-23 08:53:49.018059
0,0,True,24.8,2022-12-23 08:53:49.618494
0,0,True,24.8,2022-12-23 08:53:50.175866
0,0,True,24.8,2022-12-23 08:53:50.744762
0,0,True,24.8,2022-12-23 08:53:51.311276
0,0,True,24.8,2022-12-23 08:53:51.877888
0,0,True,24.8,2022-12-23 08:53:52.438355
0,0,True,24.8,2022-12-23 08:53:53.000236
0,0,True,24.8,2022-12-23 08:53:53.560186
0,0,True,24.8,2022-12-23 08:53:54.138067
0,0,True,24.8,2022-12-23 08:53:54.699901
0,0,True,24.8,2022-12-23 08:53:55.261473
0,0,True,24.8,2022-12-23 08:53:55.817386
0,0,True,24.8,2022-12-23 08:53:56.397655
0,0,True,24.8,2022-12-23 08:53:56.998866
0,0,True,24.8,2022-12-23 08:53:57.579838
0,0,True,24.8,2022-12-23 08:53:58.178252
0,0,True,24.8,2022-12-23 08:53:58.780035
0,0,True,24.8,2022-12-23 08:53:59.347763
0,0,True,24.8,2022-12-23 08:53:59.917557
0,0,True,24.8,2022-12-23 08:54:00.480407
0,0,True,24.8,2022-12-23 08:54:01.037984
0,0,True,24.8,2022-12-23 08:54:01.657741
0,0,True,24.8,2022-12-23 08:54:02.449439
0,0,True,24.8,2022-12-23 08:54:03.017273
0,0,True,24.8,2022-12-23 08:54:03.600410
0,0,True,24.8,2022-12-23 08:54:04.176775
0,0,True,24.8,2022-12-23 08:54:04.740144
0,0,True,24.8,2022-12-23 08:54:05.311400
0,0,True,24.8,2022-12-23 08:54:05.875226
0,0,True,24.8,2022-12-23 08:54:06.439055
0,0,True,24.8,2022-12-23 08:54:07.002399
0,0,True,24.8,2022-12-23 08:54:07.562601
0,0,True,24.8,2022-12-23 08:54:08.125157
0,0,True,24.8,2022-12-23 08:54:08.705386
0,0,True,25,2022-12-23 08:54:09.298808
0,0,True,25,2022-12-23 08:54:09.861664
0,0,True,25,2022-12-23 08:54:10.443316
0,0,True,25,2022-12-23 08:54:11.039638
0,0,True,25,2022-12-23 08:54:11.603731
0,0,True,25,2022-12-23 08:54:12.176501
0,0,True,25,2022-12-23 08:54:12.739298
0,0,True,25,2022-12-23 08:54:13.316267
0,0,True,25,2022-12-23 08:54:13.900186
0,0,True,25,2022-12-23 08:54:14.460466
0,0,True,25,2022-12-23 08:54:15.029475
0,0,True,25,2022-12-23 08:54:15.596593
0,0,True,25,2022-12-23 08:54:16.161631
0,0,True,25,2022-12-23 08:54:16.794951
0,0,True,25,2022-12-23 08:54:17.469195
0,0,True,25,2022-12-23 08:54:18.037861
0,0,True,25,2022-12-23 08:54:18.619632
0,0,True,24.9,2022-12-23 08:54:19.184000
0,0,True,24.9,2022-12-23 08:54:19.761108
0,0,True,24.9,2022-12-23 08:54:20.336172
0,0,True,24.9,2022-12-23 08:54:20.906170
0,0,True,24.9,2022-12-23 08:54:21.480834
0,0,True,24.9,2022-12-23 08:54:22.076385
0,0,True,24.9,2022-12-23 08:54:22.637706
0,0,True,24.9,2022-12-23 08:54:23.207747
0,0,True,24.9,2022-12-23 08:54:23.763712
0,0,True,24.9,2022-12-23 08:54:24.324968
0,0,True,24.9,2022-12-23 08:54:24.906600
0,0,True,24.9,2022-12-23 08:54:25.503510
0,0,True,24.9,2022-12-23 08:54:26.099718
0,0,True,24.9,2022-12-23 08:54:26.670067
0,0,True,24.9,2022-12-23 08:54:27.236736
0,0,True,24.9,2022-12-23 08:54:27.817026
0,0,True,24.9,2022-12-23 08:54:28.376733
0,0,True,24.9,2022-12-23 08:54:28.945386
0,0,True,25,2022-12-23 08:54:29.511120
0,0,True,25,2022-12-23 08:54:30.078894
0,0,True,25,2022-12-23 08:54:30.641912
0,0,True,25,2022-12-23 08:54:31.215249
0,0,True,25,2022-12-23 08:54:31.805863
0,0,True,25,2022-12-23 08:54:32.406125
0,0,True,25,2022-12-23 08:54:32.985435
0,0,True,25,2022-12-23 08:54:33.565472
0,0,True,25,2022-12-23 08:54:34.159264
0,0,True,25,2022-12-23 08:54:34.710687
0,0,True,25,2022-12-23 08:54:35.280295
0,0,True,25,2022-12-23 08:54:35.848159
0,0,True,25,2022-12-23 08:54:36.439522
0,0,True,25,2022-12-23 08:54:37.000686
0,0,True,25,2022-12-23 08:54:37.571403
0,0,True,25,2022-12-23 08:54:38.149480
0,0,True,25,2022-12-23 08:54:38.712660
0,0,True,25,2022-12-23 08:54:39.297372
0,0,True,25,2022-12-23 08:54:39.858653
0,0,True,25,2022-12-23 08:54:40.420529
0,0,True,25,2022-12-23 08:54:40.986064
0,0,True,25,2022-12-23 08:54:41.564694
0,0,True,25,2022-12-23 08:54:42.124424
0,0,True,25,2022-12-23 08:54:42.702020
0,0,True,25,2022-12-23 08:54:43.267628
0,0,True,25,2022-12-23 08:54:43.836336
0,0,True,25,2022-12-23 08:54:44.396005
1229.4,909.3,True,25,2022-12-23 08:54:44.961516
62.9,789.2,True,25,2022-12-23 08:54:45.528298
62.9,0,True,25,2022-12-23 08:54:46.100201
62.9,0,True,25,2022-12-23 08:54:46.703121
62.9,0,True,25,2022-12-23 08:54:47.300142
62.9,0,True,25,2022-12-23 08:54:47.899790
0,0,True,25,2022-12-23 08:54:48.500043
0,0,True,25,2022-12-23 08:54:49.073522
0,0,True,25,2022-12-23 08:54:49.649067
0,0,True,25,2022-12-23 08:54:50.241303
0,0,True,25,2022-12-23 08:54:50.833163
0,0,True,25,2022-12-23 08:54:51.479345
0,0,True,25,2022-12-23 08:54:52.042810
0,0,True,25,2022-12-23 08:54:52.622967
0,0,True,25,2022-12-23 08:54:53.192044
0,0,True,25,2022-12-23 08:54:53.762504
0,0,True,25,2022-12-23 08:54:54.330453
0,0,True,25,2022-12-23 08:54:54.899084
0,0,True,25,2022-12-23 08:54:55.489790
0,0,True,25,2022-12-23 08:54:56.055473
0,0,True,25,2022-12-23 08:54:56.638840
0,0,True,25,2022-12-23 08:54:57.222159
0,0,True,25,2022-12-23 08:54:57.786098
0,0,True,25,2022-12-23 08:54:58.358664
0,0,True,25,2022-12-23 08:54:58.921933
0,0,True,25,2022-12-23 08:54:59.490574
0,0,True,25,2022-12-23 08:55:00.057889
0,0,True,25,2022-12-23 08:55:00.620844
0,0,True,25,2022-12-23 08:55:01.206164
0,0,True,25,2022-12-23 08:55:01.803036
0,0,True,25,2022-12-23 08:55:02.404277
0,0,True,25,2022-12-23 08:55:02.980453
0,0,True,25,2022-12-23 08:55:03.547596
0,0,True,25,2022-12-23 08:55:04.113992
0,0,True,25,2022-12-23 08:55:04.689752
0,0,True,25,2022-12-23 08:55:05.259146
0,0,True,25,2022-12-23 08:55:05.826978
0,0,True,25,2022-12-23 08:55:06.408295
0,0,True,25,2022-12-23 08:55:06.976628
0,0,True,25,2022-12-23 08:55:07.551025
0,0,True,25,2022-12-23 08:55:08.130006
0,0,True,25,2022-12-23 08:55:08.698249
0,0,True,24.9,2022-12-23 08:55:09.283376
0,0,True,24.9,2022-12-23 08:55:09.877824
0,0,True,24.9,2022-12-23 08:55:10.465000
0,0,True,24.9,2022-12-23 08:55:11.029011
0,0,True,24.9,2022-12-23 08:55:11.593709
0,0,True,24.9,2022-12-23 08:55:12.162934
0,0,True,24.9,2022-12-23 08:55:12.725159
0,0,True,24.9,2022-12-23 08:55:13.299979
0,0,True,24.9,2022-12-23 08:55:13.869765
0,0,True,24.9,2022-12-23 08:55:14.435749
0,0,True,24.9,2022-12-23 08:55:14.996375
0,0,True,24.9,2022-12-23 08:55:15.561500
0,0,True,24.9,2022-12-23 08:55:16.123256
0,0,True,24.9,2022-12-23 08:55:16.695377
0,0,True,24.9,2022-12-23 08:55:17.303510
0,0,True,24.9,2022-12-23 08:55:17.909595
0,0,True,24.9,2022-12-23 08:55:18.502130
0,0,True,24.9,2022-12-23 08:55:19.079110
0,0,True,25,2022-12-23 08:55:19.656235
0,0,True,25,2022-12-23 08:55:20.221739
0,0,True,25,2022-12-23 08:55:20.816177
0,0,True,25,2022-12-23 08:55:21.387720
0,0,True,25,2022-12-23 08:55:21.962665
0,0,True,25,2022-12-23 08:55:22.538556
0,0,True,25,2022-12-23 08:55:23.120231
0,0,True,25,2022-12-23 08:55:23.718509
0,0,True,25,2022-12-23 08:55:24.336397
0,0,True,25,2022-12-23 08:55:24.916276
0,0,True,25,2022-12-23 08:55:25.491320
0,0,True,25,2022-12-23 08:55:26.062266
0,0,True,25,2022-12-23 08:55:26.631229
0,0,True,25,2022-12-23 08:55:27.199229
0,0,True,25,2022-12-23 08:55:27.780943
0,0,True,25,2022-12-23 08:55:28.352823
0,0,True,25,2022-12-23 08:55:28.919002
0,0,True,25,2022-12-23 08:55:29.489800
0,0,True,25,2022-12-23 08:55:30.084816
0,0,True,25,2022-12-23 08:55:30.687124
0,0,True,25,2022-12-23 08:55:31.283407
0,0,True,25,2022-12-23 08:55:31.868099
0,0,True,25,2022-12-23 08:55:32.551072
0,0,True,25,2022-12-23 08:55:33.321600
0,0,True,25,2022-12-23 08:55:33.891623
0,0,True,25,2022-12-23 08:55:34.471096
0,0,True,25,2022-12-23 08:55:35.034994
0,0,True,25,2022-12-23 08:55:35.602319
0,0,True,25,2022-12-23 08:55:36.168283
0,0,True,25,2022-12-23 08:55:36.740696
0,0,True,25,2022-12-23 08:55:37.304289
0,0,True,25,2022-12-23 08:55:37.879294
0,0,True,25,2022-12-23 08:55:38.462800
0,0,True,25,2022-12-23 08:55:39.022405
0,0,True,25,2022-12-23 08:55:39.614912
0,0,True,25,2022-12-23 08:55:40.215267
0,0,True,25,2022-12-23 08:55:40.813363
0,0,True,25,2022-12-23 08:55:41.407157
0,0,True,25,2022-12-23 08:55:41.999123
0,0,True,25,2022-12-23 08:55:42.569243
0,0,True,25,2022-12-23 08:55:43.135075
0,0,True,25,2022-12-23 08:55:43.705970
0,0,True,25,2022-12-23 08:55:44.295255
0,0,True,25,2022-12-23 08:55:44.880979
0,0,True,25,2022-12-23 08:55:45.455392
0,0,True,25,2022-12-23 08:55:46.024226
0,0,True,25,2022-12-23 08:55:46.599025
0,0,True,25,2022-12-23 08:55:47.258985
0,0,True,25,2022-12-23 08:55:48.044144
0,0,True,25,2022-12-23 08:55:48.678641
0,0,True,25,2022-12-23 08:55:49.279838
0,0,True,25,2022-12-23 08:55:49.863395
0,0,True,25,2022-12-23 08:55:50.464875
0,0,True,25,2022-12-23 08:55:51.041814
0,0,True,25,2022-12-23 08:55:51.668779
0,0,True,25,2022-12-23 08:55:52.236111
0,0,True,25,2022-12-23 08:55:52.863193
0,0,True,25,2022-12-23 08:55:53.550873
0,0,True,25,2022-12-23 08:55:54.143992
0,0,True,25,2022-12-23 08:55:54.750144
0,169.2,True,25,2022-12-23 08:55:55.312532
1231.7,1226.4,True,25,2022-12-23 08:55:55.897566
278.5,252.4,True,25,2022-12-23 08:55:56.464325
278.5,0,True,25,2022-12-23 08:55:57.042829
278.5,0,True,25,2022-12-23 08:55:57.601239
278.5,0,True,25,2022-12-23 08:55:58.186287
278.5,0,True,25,2022-12-23 08:55:58.771199
0,0,True,25.1,2022-12-23 08:55:59.364356
0,0,True,25.1,2022-12-23 08:55:59.982076
0,0,True,25.1,2022-12-23 08:56:00.582543
0,0,True,25.1,2022-12-23 08:56:01.249538
0,0,True,25.1,2022-12-23 08:56:01.957660
0,0,True,25.1,2022-12-23 08:56:02.527120
0,0,True,25.1,2022-12-23 08:56:03.103471
0,0,True,25.1,2022-12-23 08:56:03.698865
0,0,True,25.1,2022-12-23 08:56:04.282707
0,0,True,25.1,2022-12-23 08:56:04.851081
0,0,True,25.1,2022-12-23 08:56:05.443135
0,0,True,25.1,2022-12-23 08:56:06.036883
0,0,True,25.1,2022-12-23 08:56:06.604722
0,0,True,25.1,2022-12-23 08:56:07.176793
0,0,True,25.1,2022-12-23 08:56:07.742350
0,0,True,25.1,2022-12-23 08:56:08.310702
0,0,True,25.1,2022-12-23 08:56:08.881653
0,0,True,25.1,2022-12-23 08:56:09.466667
0,0,True,25.1,2022-12-23 08:56:10.038867
0,0,True,25.1,2022-12-23 08:56:10.603765
0,0,True,25.1,2022-12-23 08:56:11.192215
0,0,True,25.1,2022-12-23 08:56:11.777432
0,0,True,25.1,2022-12-23 08:56:12.339964
0,0,True,25.1,2022-12-23 08:56:12.942113
0,0,True,25.1,2022-12-23 08:56:13.520793
0,0,True,25.1,2022-12-23 08:56:14.095909
0,0,True,25.1,2022-12-23 08:56:14.664273
0,0,True,25.1,2022-12-23 08:56:15.240109
0,0,True,25.1,2022-12-23 08:56:15.800436
0,0,True,25.1,2022-12-23 08:56:16.381203
0,0,True,25.1,2022-12-23 08:56:16.975180
0,0,True,25.1,2022-12-23 08:56:17.698851
0,0,True,25.1,2022-12-23 08:56:18.484178
0,0,True,25.1,2022-12-23 08:56:19.075915
0,0,True,25.1,2022-12-23 08:56:19.664785
0,0,True,25.1,2022-12-23 08:56:20.221495
0,0,True,25.1,2022-12-23 08:56:20.823548
0,0,True,25.1,2022-12-23 08:56:21.408162
0,0,True,25.1,2022-12-23 08:56:21.985650
0,0,True,25.1,2022-12-23 08:56:22.566827
0,0,True,25.1,2022-12-23 08:56:23.139412
0,0,True,25.1,2022-12-23 08:56:23.705056
0,0,True,25.1,2022-12-23 08:56:24.320341
0,0,True,25.1,2022-12-23 08:56:24.898945
0,0,True,25.1,2022-12-23 08:56:25.478273
0,0,True,25.1,2022-12-23 08:56:26.040498
0,0,True,25.1,2022-12-23 08:56:26.636610
0,0,True,25.1,2022-12-23 08:56:27.220751
0,0,True,25.1,2022-12-23 08:56:27.782548
0,0,True,25.1,2022-12-23 08:56:28.362717
0,0,True,25.1,2022-12-23 08:56:28.932425
0,0,True,25.1,2022-12-23 08:56:29.496454
0,0,True,25.1,2022-12-23 08:56:30.095085
0,0,True,25.1,2022-12-23 08:56:30.667617
0,0,True,25.1,2022-12-23 08:56:31.240542
0,0,True,25.1,2022-12-23 08:56:31.822233
0,0,True,25.1,2022-12-23 08:56:32.495259
0,0,True,25.1,2022-12-23 08:56:33.306673
0,0,True,25.1,2022-12-23 08:56:33.923878
0,0,True,25.1,2022-12-23 08:56:34.541078
0,0,True,25.1,2022-12-23 08:56:35.121715
0,0,True,25.1,2022-12-23 08:56:35.692133
0,0,True,25.1,2022-12-23 08:56:36.271493
0,0,True,25.1,2022-12-23 08:56:36.860502
0,0,True,25.1,2022-12-23 08:56:37.424966
0,0,True,25.1,2022-12-23 08:56:38.019833
0,0,True,25.1,2022-12-23 08:56:38.587185
0,0,True,25.1,2022-12-23 08:56:39.155281
0,0,True,25.1,2022-12-23 08:56:39.719920
0,0,True,25.1,2022-12-23 08:56:40.287502
0,0,True,25.1,2022-12-23 08:56:40.856217
0,0,True,25.1,2022-12-23 08:56:41.435569
0,0,True,25.1,2022-12-23 08:56:42.021086
0,0,True,25.1,2022-12-23 08:56:42.607734
0,0,True,25.1,2022-12-23 08:56:43.171529
0,0,True,25.1,2022-12-23 08:56:43.747308
0,0,True,25.1,2022-12-23 08:56:44.315451
0,0,True,25.1,2022-12-23 08:56:44.900971
0,0,True,25.1,2022-12-23 08:56:45.491233
0,0,True,25.1,2022-12-23 08:56:46.080988
0,0,True,25.1,2022-12-23 08:56:46.695122
0,0,True,25.1,2022-12-23 08:56:47.291431
0,0,True,25.1,2022-12-23 08:56:47.868319
0,0,True,25.1,2022-12-23 08:56:48.563532
0,0,True,25.1,2022-12-23 08:56:49.209316
0,0,True,25.1,2022-12-23 08:56:49.818111
0,0,True,25.1,2022-12-23 08:56:50.383047
0,0,True,25.1,2022-12-23 08:56:50.960239
0,0,True,25.1,2022-12-23 08:56:51.544530
0,0,True,25.1,2022-12-23 08:56:52.137373
0,0,True,25.1,2022-12-23 08:56:52.712145
0,0,True,25.1,2022-12-23 08:56:53.317567
0,0,True,25.1,2022-12-23 08:56:53.901834
0,0,True,25.1,2022-12-23 08:56:54.571486
0,0,True,25.1,2022-12-23 08:56:55.142952
0,0,True,25.1,2022-12-23 08:56:55.736054
0,0,True,25.1,2022-12-23 08:56:56.330188
0,0,True,25.1,2022-12-23 08:56:56.924716
0,0,True,25.1,2022-12-23 08:56:57.514537
0,0,True,25.1,2022-12-23 08:56:58.075535
0,0,True,25.1,2022-12-23 08:56:58.644152
0,0,True,25.1,2022-12-23 08:56:59.215908
0,0,True,25.1,2022-12-23 08:56:59.788907
0,0,True,25.1,2022-12-23 08:57:00.355120
0,0,True,25.1,2022-12-23 08:57:00.926322
0,0,True,25.1,2022-12-23 08:57:01.505134
0,0,True,25.1,2022-12-23 08:57:02.081917
0,0,True,25.1,2022-12-23 08:57:02.743307
0,0,True,25.1,2022-12-23 08:57:03.592347
0,0,True,25.1,2022-12-23 08:57:04.169362
0,0,True,25.1,2022-12-23 08:57:04.737203
0,0,True,25.1,2022-12-23 08:57:05.303129
0,0,True,25.1,2022-12-23 08:57:05.868336
0,0,True,25.1,2022-12-23 08:57:06.435411
0,0,True,25.1,2022-12-23 08:57:06.997395
130.5,125,True,25.1,2022-12-23 08:57:07.576393
130.5,0,True,25.1,2022-12-23 08:57:08.177894
130.5,0,True,25.1,2022-12-23 08:57:08.741094
130.5,0,True,25.1,2022-12-23 08:57:09.318395
130.5,0,True,25.1,2022-12-23 08:57:09.913125
0,0,True,25.1,2022-12-23 08:57:10.481030
0,0,True,25.1,2022-12-23 08:57:11.049610
0,0,True,25.1,2022-12-23 08:57:11.644246
0,0,True,25.1,2022-12-23 08:57:12.207711
0,0,True,25.1,2022-12-23 08:57:12.797439
1235.6,803.8,True,25.1,2022-12-23 08:57:13.400845
289.7,777.9,True,25.1,2022-12-23 08:57:14.015203
289.7,0,True,25.1,2022-12-23 08:57:14.587710
289.7,0,True,25.1,2022-12-23 08:57:15.189663
289.7,0,True,25.1,2022-12-23 08:57:15.780062
289.7,0,True,25.1,2022-12-23 08:57:16.358964
0,0,True,25.1,2022-12-23 08:57:16.935812
0,0,True,25.1,2022-12-23 08:57:17.526688
0,0,True,25.1,2022-12-23 08:57:18.204154
0,0,True,25.1,2022-12-23 08:57:18.781212
0,0,True,25.2,2022-12-23 08:57:19.381136
0,0,True,25.2,2022-12-23 08:57:19.965847
0,0,True,25.2,2022-12-23 08:57:20.567517
0,0,True,25.2,2022-12-23 08:57:21.157882
0,0,True,25.2,2022-12-23 08:57:21.723897
0,0,True,25.2,2022-12-23 08:57:22.305638
0,0,True,25.2,2022-12-23 08:57:22.875900
0,0,True,25.2,2022-12-23 08:57:23.438449
0,0,True,25.2,2022-12-23 08:57:23.999925
0,0,True,25.2,2022-12-23 08:57:24.584805
0,0,True,25.2,2022-12-23 08:57:25.179102
0,0,True,25.2,2022-12-23 08:57:25.800601
0,0,True,25.2,2022-12-23 08:57:26.387087
0,0,True,25.2,2022-12-23 08:57:26.986568
0,0,True,25.2,2022-12-23 08:57:27.586079
0,0,True,25.2,2022-12-23 08:57:28.170545
0,0,True,25.2,2022-12-23 08:57:28.769543
0,0,True,25.2,2022-12-23 08:57:29.360677
0,0,True,25.2,2022-12-23 08:57:29.937531
0,0,True,25.2,2022-12-23 08:57:30.540036
0,0,True,25.2,2022-12-23 08:57:31.134222
0,0,True,25.2,2022-12-23 08:57:31.699632
0,0,True,25.2,2022-12-23 08:57:32.331298
0,0,True,25.2,2022-12-23 08:57:32.898638
0,0,True,25.2,2022-12-23 08:57:33.497886
0,0,True,25.2,2022-12-23 08:57:34.068185
0,0,True,25.2,2022-12-23 08:57:34.662770
0,0,True,25.2,2022-12-23 08:57:35.229198
0,0,True,25.2,2022-12-23 08:57:35.799104
0,0,True,25.2,2022-12-23 08:57:36.385292
0,0,True,25.2,2022-12-23 08:57:36.978952
0,0,True,25.2,2022-12-23 08:57:37.565939
0,0,True,25.2,2022-12-23 08:57:38.171099
0,0,True,25.2,2022-12-23 08:57:38.741612
0,0,True,25.1,2022-12-23 08:57:39.343307
0,0,True,25.1,2022-12-23 08:57:39.906654
0,0,True,25.1,2022-12-23 08:57:40.504199
0,0,True,25.1,2022-12-23 08:57:41.066486
0,0,True,25.1,2022-12-23 08:57:41.643346
0,0,True,25.1,2022-12-23 08:57:42.243170
0,0,True,25.1,2022-12-23 08:57:42.817412
0,0,True,25.1,2022-12-23 08:57:43.379343
0,0,True,25.1,2022-12-23 08:57:43.939143
0,0,True,25.1,2022-12-23 08:57:44.518473
0,0,True,25.1,2022-12-23 08:57:45.123676
0,0,True,25.1,2022-12-23 08:57:45.714860
0,0,True,25.1,2022-12-23 08:57:46.338263
0,0,True,25.1,2022-12-23 08:57:46.923965
0,0,True,25.1,2022-12-23 08:57:47.542910
0,0,True,25.1,2022-12-23 08:57:48.127261
0,0,True,25.1,2022-12-23 08:57:48.732098
0,0,True,25.1,2022-12-23 08:57:49.330725
0,0,True,25.1,2022-12-23 08:57:49.935921
0,0,True,25.1,2022-12-23 08:57:50.508943
0,0,True,25.1,2022-12-23 08:57:51.105170
0,0,True,25.1,2022-12-23 08:57:51.688500
0,0,True,25.1,2022-12-23 08:57:52.264597
0,0,True,25.1,2022-12-23 08:57:52.835570
0,0,True,25.1,2022-12-23 08:57:53.439463
0,0,True,25.1,2022-12-23 08:57:53.996488
0,0,True,25.1,2022-12-23 08:57:54.563393
0,0,True,25.1,2022-12-23 08:57:55.138891
0,0,True,25.1,2022-12-23 08:57:55.719175
0,0,True,25.1,2022-12-23 08:57:56.298523
0,0,True,25.1,2022-12-23 08:57:56.887994
0,0,True,25.1,2022-12-23 08:57:57.467995
0,0,True,25.1,2022-12-23 08:57:58.029811
0,0,True,25.1,2022-12-23 08:57:58.609416
0,0,True,25.1,2022-12-23 08:57:59.182560
0,0,True,25.1,2022-12-23 08:57:59.738705
0,0,True,25.1,2022-12-23 08:58:00.295471
0,0,True,25.1,2022-12-23 08:58:00.853869
0,0,True,25.1,2022-12-23 08:58:01.416116
0,0,True,25.1,2022-12-23 08:58:02.014842
0,0,True,25.1,2022-12-23 08:58:02.585075
0,0,True,25.1,2022-12-23 08:58:03.155070
0,0,True,25.1,2022-12-23 08:58:03.720590
0,0,True,25.1,2022-12-23 08:58:04.360397
0,0,True,25.1,2022-12-23 08:58:04.923538
0,0,True,25.1,2022-12-23 08:58:05.549019
0,0,True,25.1,2022-12-23 08:58:06.142275
0,0,True,25.1,2022-12-23 08:58:06.704443
0,0,True,25.1,2022-12-23 08:58:07.281731
0,0,True,25.1,2022-12-23 08:58:07.877300
0,0,True,25.1,2022-12-23 08:58:08.462621
0,0,True,25.1,2022-12-23 08:58:09.020081
0,0,True,25.2,2022-12-23 08:58:09.599132
0,0,True,25.2,2022-12-23 08:58:10.178001
0,0,True,25.2,2022-12-23 08:58:10.760837
0,0,True,25.2,2022-12-23 08:58:11.322510
0,0,True,25.2,2022-12-23 08:58:11.886226
0,0,True,25.2,2022-12-23 08:58:12.481238
0,0,True,25.2,2022-12-23 08:58:13.037303
0,0,True,25.2,2022-12-23 08:58:13.621088
0,0,True,25.2,2022-12-23 08:58:14.237908
0,0,True,25.2,2022-12-23 08:58:14.828838
0,0,True,25.2,2022-12-23 08:58:15.402392
0,0,True,25.2,2022-12-23 08:58:15.971942
0,0,True,25.2,2022-12-23 08:58:16.555034
0,0,True,25.2,2022-12-23 08:58:17.150652
0,0,True,25.2,2022-12-23 08:58:17.746615
0,0,True,25.2,2022-12-23 08:58:18.528040
0,0,True,25.1,2022-12-23 08:58:19.510287
0,0,True,25.1,2022-12-23 08:58:20.106377
0,0,True,25.1,2022-12-23 08:58:20.671066
0,0,True,25.1,2022-12-23 08:58:21.239435
0,0,True,25.1,2022-12-23 08:58:21.839525
0,0,True,25.1,2022-12-23 08:58:22.447513
0,0,True,25.1,2022-12-23 08:58:23.031004
0,0,True,25.1,2022-12-23 08:58:23.588511
0,0,True,25.1,2022-12-23 08:58:24.145900
0,0,True,25.1,2022-12-23 08:58:24.705499
0,0,True,25.1,2022-12-23 08:58:25.260911
0,0,True,25.1,2022-12-23 08:58:26.006633
0,0,True,25.1,2022-12-23 08:58:26.595690
0,0,True,25.1,2022-12-23 08:58:27.175874
0,0,True,25.1,2022-12-23 08:58:27.739024
0,0,True,25.1,2022-12-23 08:58:28.315956
0,0,True,25.1,2022-12-23 08:58:28.883290
0,0,True,25.1,2022-12-23 08:58:29.439735
0,40.8,True,25.1,2022-12-23 08:58:30.020418
0,0,True,25.1,2022-12-23 08:58:30.583155
0,0,True,25.1,2022-12-23 08:58:31.158501
0,0,True,25.1,2022-12-23 08:58:31.761279
0,0,True,25.1,2022-12-23 08:58:32.322291
0,0,True,25.1,2022-12-23 08:58:32.935667
0,0,True,25.1,2022-12-23 08:58:33.606995
0,0,True,25.1,2022-12-23 08:58:34.614479
0,0,True,25.1,2022-12-23 08:58:35.202407
1225.6,486.1,True,25.1,2022-12-23 08:58:35.802171
761.5,1136.3,True,25.1,2022-12-23 08:58:36.384987
65,9.5,True,25.1,2022-12-23 08:58:36.998742
65,0,True,25.1,2022-12-23 08:58:37.584084
65,0,True,25.1,2022-12-23 08:58:38.229330
65,0,True,25.1,2022-12-23 08:58:38.795144
0,0,True,25.1,2022-12-23 08:58:39.466190
0,0,True,25.1,2022-12-23 08:58:40.035676
0,0,True,25.1,2022-12-23 08:58:40.587113
0,0,True,25.1,2022-12-23 08:58:41.175827
0,0,True,25.1,2022-12-23 08:58:41.737866
0,0,True,25.1,2022-12-23 08:58:42.319150
0,0,True,25.1,2022-12-23 08:58:42.909843
0,0,True,25.1,2022-12-23 08:58:43.495661
0,0,True,25.1,2022-12-23 08:58:44.059704
0,0,True,25.1,2022-12-23 08:58:44.620628
0,0,True,25.1,2022-12-23 08:58:45.186254
0,0,True,25.1,2022-12-23 08:58:45.771699
0,0,True,25.1,2022-12-23 08:58:46.327038
0,0,True,25.1,2022-12-23 08:58:46.910035
0,0,True,25.1,2022-12-23 08:58:47.631604
0,0,True,25.1,2022-12-23 08:58:48.348825
0,0,True,25.1,2022-12-23 08:58:49.718426
0,0,True,25.1,2022-12-23 08:58:50.339560
0,0,True,25.1,2022-12-23 08:58:50.900156
0,0,True,25.1,2022-12-23 08:58:51.479137
0,0,True,25.1,2022-12-23 08:58:52.051282
0,0,True,25.1,2022-12-23 08:58:52.669330
0,0,True,25.1,2022-12-23 08:58:53.235173
0,0,True,25.1,2022-12-23 08:58:53.824399
0,0,True,25.1,2022-12-23 08:58:54.432927
0,0,True,25.1,2022-12-23 08:58:55.001501
0,0,True,25.1,2022-12-23 08:58:55.552490
0,0,True,25.1,2022-12-23 08:58:56.116921
0,0,True,25.1,2022-12-23 08:58:56.682426
0,0,True,25.1,2022-12-23 08:58:57.278992
0,0,True,25.1,2022-12-23 08:58:57.863431
0,0,True,25.1,2022-12-23 08:58:58.430723
0,0,True,25.1,2022-12-23 08:58:59.024451
0,0,True,25.1,2022-12-23 08:58:59.610839
0,0,True,25.1,2022-12-23 08:59:00.247284
0,0,True,25.1,2022-12-23 08:59:01.037380
0,0,True,25.1,2022-12-23 08:59:01.594908
0,0,True,25.1,2022-12-23 08:59:02.160609
0,0,True,25.1,2022-12-23 08:59:02.720957
0,0,True,25.1,2022-12-23 08:59:03.280179
0,0,True,25.1,2022-12-23 08:59:03.838883
0,0,True,25.1,2022-12-23 08:59:04.468469
0,0,True,25.1,2022-12-23 08:59:05.180354
0,0,True,25.1,2022-12-23 08:59:05.779183
0,0,True,25.1,2022-12-23 08:59:06.342333
0,0,True,25.1,2022-12-23 08:59:06.920679
0,0,True,25.1,2022-12-23 08:59:07.510234
0,0,True,25.1,2022-12-23 08:59:08.078898
0,0,True,25.1,2022-12-23 08:59:08.640043
0,0,True,25.2,2022-12-23 08:59:09.196161
0,0,True,25.2,2022-12-23 08:59:09.755841
0,0,True,25.2,2022-12-23 08:59:10.334182
0,0,True,25.2,2022-12-23 08:59:10.897320
0,0,True,25.2,2022-12-23 08:59:11.502318
0,0,True,25.2,2022-12-23 08:59:12.116848
0,0,True,25.2,2022-12-23 08:59:12.703998
0,0,True,25.2,2022-12-23 08:59:13.260938
0,0,True,25.2,2022-12-23 08:59:13.842594
0,0,True,25.2,2022-12-23 08:59:14.416266
0,0,True,25.2,2022-12-23 08:59:14.974639
0,0,True,25.2,2022-12-23 08:59:15.533454
0,0,True,25.2,2022-12-23 08:59:16.093579
0,0,True,25.2,2022-12-23 08:59:16.650777
0,0,True,25.2,2022-12-23 08:59:17.271816
0,0,True,25.2,2022-12-23 08:59:17.863579
0,0,True,25.2,2022-12-23 08:59:18.447649
0,0,True,25.2,2022-12-23 08:59:19.026916
0,0,True,25.2,2022-12-23 08:59:19.635928
0,0,True,25.2,2022-12-23 08:59:20.235386
0,0,True,25.2,2022-12-23 08:59:20.831590
0,0,True,25.2,2022-12-23 08:59:21.404622
0,0,True,25.2,2022-12-23 08:59:21.985570
0,0,True,25.2,2022-12-23 08:59:22.579912
0,0,True,25.2,2022-12-23 08:59:23.162653
0,0,True,25.2,2022-12-23 08:59:23.722700
0,0,True,25.2,2022-12-23 08:59:24.300919
0,0,True,25.2,2022-12-23 08:59:24.882496
0,0,True,25.2,2022-12-23 08:59:25.580780
0,0,True,25.2,2022-12-23 08:59:26.170397
0,0,True,25.2,2022-12-23 08:59:26.738303
0,0,True,25.2,2022-12-23 08:59:27.306959
0,0,True,25.2,2022-12-23 08:59:27.896213
0,0,True,25.2,2022-12-23 08:59:28.486464
0,0,True,25.2,2022-12-23 08:59:29.069404
0,0,True,25.3,2022-12-23 08:59:29.635591
0,0,True,25.3,2022-12-23 08:59:30.209758
0,0,True,25.3,2022-12-23 08:59:30.785959
0,0,True,25.3,2022-12-23 08:59:31.350063
0,0,True,25.3,2022-12-23 08:59:31.914502
0,0,True,25.3,2022-12-23 08:59:32.472458
0,0,True,25.3,2022-12-23 08:59:33.028293
0,0,True,25.3,2022-12-23 08:59:33.590435
0,0,True,25.3,2022-12-23 08:59:34.155184
0,0,True,25.3,2022-12-23 08:59:34.723157
0,0,True,25.3,2022-12-23 08:59:35.307188
0,0,True,25.3,2022-12-23 08:59:35.902027
0,0,True,25.3,2022-12-23 08:59:36.496010
0,0,True,25.3,2022-12-23 08:59:37.064670
0,0,True,25.3,2022-12-23 08:59:37.631122
0,0,True,25.3,2022-12-23 08:59:38.215561
0,0,True,25.3,2022-12-23 08:59:38.776538
0,0,True,25.2,2022-12-23 08:59:39.340798
0,0,True,25.2,2022-12-23 08:59:39.896497
0,0,True,25.2,2022-12-23 08:59:40.455836
0,0,True,25.2,2022-12-23 08:59:41.022028
0,0,True,25.2,2022-12-23 08:59:41.603335
0,0,True,25.2,2022-12-23 08:59:42.190917
0,0,True,25.2,2022-12-23 08:59:42.746719
0,0,True,25.2,2022-12-23 08:59:43.338698
0,0,True,25.2,2022-12-23 08:59:43.896887
